,Насны бүлэг,Хүйс,Gender,2000,2001,2002,2003,2004,2005,2006,2007,2008,2009,2010,2011,2012,2013,2014,2015,2016,2017,2018,2019,demograph
0,        0-4,Эрэгтэй,Male,"116,370.","115,498.","113,584.","114,939.","116,167.","117,519.","109,435.","117,838.","125,642.","133,924.","140,006.","146,292.","154,772.","162,383.","176,583.","198,115.","201,936.","202,282.","200,715.","198,005.",0-4
1,        0-4,Эмэгтэй,Female,"113,903.","113,205.","114,410.","115,777.","117,011.","118,374.","107,525.","115,125.","122,056.","129,262.","136,315.","141,837.","150,486.","157,039.","169,385.","188,751.","192,578.","191,702.","190,410.","187,676.",0-4
2,5 - 9,Эрэгтэй,Male,"135,082.","129,340.","131,608.","133,178.","134,600.","136,168.","122,971.","124,720.","121,329.","118,564.","115,518.","112,623.","117,201.","125,866.","137,336.","152,485.","164,768.","174,304.","183,100.","190,812.",5 - 9
3,5 - 9,Эмэгтэй,Female,"132,422.","126,278.","133,040.","134,629.","136,067.","137,650.","120,494.","122,159.","119,029.","114,575.","112,675.","109,633.","114,604.","122,808.","134,010.","146,323.","157,807.","167,007.","175,279.","182,200.",5 - 9
4,10 - 14,Эрэгтэй,Male,"157,638.","156,627.","156,449.","158,320.","160,007.","161,872.","138,632.","135,581.","132,336.","129,289.","125,645.","120,084.","119,963.","118,223.","113,306.","111,675.","112,576.","118,653.","128,855.","142,513.",10 - 14
5,10 - 14,Эмэгтэй,Female,"156,615.","155,311.","155,658.","157,517.","159,200.","161,052.","137,630.","133,605.","129,820.","124,567.","122,579.","117,649.","117,788.","115,993.","110,826.","107,657.","107,853.","113,948.","123,693.","136,786.",10 - 14
6,        15 - 19,Эрэгтэй,Male,"138,299.","141,549.","146,876.","148,631.","150,215.","151,965.","152,143.","151,895.","149,006.","143,854.","137,353.","129,957.","125,525.","125,977.","122,289.","121,780.","119,966.","118,408.","116,247.","113,464.",15 - 19
7,        15 - 19,Эмэгтэй,Female,"137,824.","141,316.","141,730.","143,423.","144,953.","146,641.","155,747.","154,808.","148,959.","143,064.","138,475.","130,995.","127,185.","127,462.","122,048.","118,130.","116,434.","114,593.","112,155.","109,614.",15 - 19
8,        20 - 24,Эрэгтэй,Male,"122,458.","126,174.","131,979.","133,554.","134,981.","136,551.","125,025.","128,555.","136,897.","144,577.","149,261.","154,492.","151,936.","147,194.","138,277.","135,073.","128,877.","123,701.","123,951.","120,958.",20 - 24
9,        20 - 24,Эмэгтэй,Female,"126,536.","129,160.","130,023.","131,576.","132,981.","134,529.","132,701.","137,119.","144,027.","152,360.","156,630.","161,048.","157,457.","151,189.","139,937.","132,771.","126,267.","121,279.","121,020.","118,646.",20 - 24
10,        25 - 29,Эрэгтэй,Male,"108,765.","111,039.","113,080.","114,430.","115,653.","116,998.","108,903.","112,110.","115,381.","121,034.","125,481.","135,782.","140,633.","145,593.","150,842.","157,118.","157,575.","155,846.","147,740.","139,284.",25 - 29
11,        25 - 29,Эмэгтэй,Female,"110,658.","113,800.","114,589.","115,959.","117,196.","118,560.","115,648.","119,013.","122,923.","128,703.","135,159.","144,683.","147,143.","152,610.","154,936.","156,591.","156,965.","154,884.","146,810.","138,108.",25 - 29
12,        30 - 34,Эрэгтэй,Male,"93,564.","95,456.","97,441.","98,604.","99,657.","100,817.","102,855.","104,712.","107,024.","111,169.","113,540.","119,618.","121,895.","123,525.","126,832.","130,591.","136,030.","140,867.","146,913.","151,725.",30 - 34
13,        30 - 34,Эмэгтэй,Female,"96,692.","97,493.","98,374.","99,548.","100,613.","101,781.","108,615.","110,866.","113,290.","117,885.","120,895.","128,752.","130,309.","131,636.","131,026.","132,947.","137,967.","142,493.","148,185.","153,003.",30 - 34
14,        35 - 39,Эрэгтэй,Male,"85,110.","87,162.","88,529.","89,587.","90,543.","91,596.","91,998.","93,180.","95,406.","99,773.","102,520.","107,727.","109,981.","112,810.","114,170.","114,492.","116,417.","118,861.","120,394.","124,138.",35 - 39
15,        35 - 39,Эмэгтэй,Female,"87,181.","89,805.","90,376.","91,455.","92,430.","93,507.","98,866.","100,718.","102,457.","107,015.","110,471.","117,698.","118,676.","120,582.","119,222.","118,142.","120,205.","122,446.","123,831.","127,546.",35 - 39
16,        40 - 44,Эрэгтэй,Male,"68,428.","71,301.","72,210.","73,074.","73,854.","74,712.","83,822.","83,740.","85,762.","86,705.","89,458.","91,426.","94,001.","96,267.","101,320.","100,801.","103,502.","105,370.","107,578.","108,904.",40 - 44
17,        40 - 44,Эмэгтэй,Female,"70,701.","73,857.","74,203.","75,087.","75,890.","76,773.","91,291.","91,448.","93,061.","95,098.","98,938.","101,142.","103,183.","104,885.","107,391.","107,638.","110,610.","112,162.","114,336.","115,287.",40 - 44
18,        45 - 49,Эрэгтэй,Male,"44,566.","49,018.","49,974.","50,570.","51,110.","51,704.","70,842.","72,580.","74,259.","76,710.","78,030.","79,741.","81,051.","82,948.","84,934.","84,610.","86,238.","88,673.","91,409.","94,545.",45 - 49
19,        45 - 49,Эмэгтэй,Female,"45,503.","50,145.","50,356.","50,954.","51,501.","52,100.","76,704.","79,185.","81,588.","84,532.","86,581.","89,167.","90,667.","93,070.","93,541.","93,801.","95,167.","98,092.","100,371.","103,577.",45 - 49
20,            50 - 54,Эрэгтэй,Male,"32,615.","33,235.","33,393.","33,790.","34,152.","34,549.","49,675.","49,558.","53,022.","55,668.","59,482.","60,367.","64,039.","67,890.","72,471.","71,155.","74,040.","74,828.","76,170.","76,596.",50 - 54
21,            50 - 54,Эмэгтэй,Female,"34,238.","34,979.","35,031.","35,449.","35,828.","36,244.","53,008.","54,084.","58,669.","61,019.","67,258.","68,467.","73,393.","77,080.","81,972.","81,446.","85,035.","86,188.","88,044.","89,051.",50 - 54
22,            55 - 59,Эрэгтэй,Male,"28,047.","27,928.","27,980.","28,315.","28,617.","28,949.","32,596.","32,632.","34,175.","35,777.","35,968.","37,969.","41,126.","44,371.","49,511.","51,524.","53,671.","57,844.","61,015.","64,109.",55 - 59
23,            55 - 59,Эмэгтэй,Female,"29,051.","29,344.","29,358.","29,707.","30,026.","30,374.","35,970.","36,531.","38,296.","40,252.","41,432.","44,480.","48,517.","52,499.","58,633.","63,601.","66,217.","70,895.","74,527.","78,290.",55 - 59
24,            60 - 64,Эрэгтэй,Male,"22,377.","23,026.","22,753.","23,023.","23,271.","23,541.","24,496.","23,479.","23,704.","23,281.","23,473.","23,194.","24,881.","26,168.","29,526.","28,448.","32,125.","34,356.","37,601.","41,536.",60 - 64
25,            60 - 64,Эмэгтэй,Female,"23,775.","24,322.","25,991.","26,301.","26,581.","26,892.","28,046.","27,200.","27,855.","27,377.","28,932.","29,205.","31,015.","32,708.","37,037.","37,048.","41,815.","45,500.","50,189.","54,897.",60 - 64
26,            65 - 69,Эрэгтэй,Male,"16,353.","16,508.","16,531.","16,727.","16,905.","17,103.","20,089.","20,541.","20,622.","20,559.","18,662.","17,906.","17,477.","17,571.","18,066.","17,781.","17,837.","19,410.","20,586.","22,645.",65 - 69
27,            65 - 69,Эмэгтэй,Female,"18,757.","18,920.","19,516.","19,749.","19,961.","20,192.","23,241.","23,198.","23,641.","23,627.","22,489.","22,059.","21,877.","22,802.","24,241.","25,308.","25,874.","27,916.","29,721.","32,634.",65 - 69
28,            70 +,Эрэгтэй,Male,"20,572.","20,841.","20,848.","21,096.","21,321.","21,570.","26,171.","26,128.","26,740.","27,256.","27,684.","27,545.","28,972.","29,057.","30,992.","27,964.","28,425.","28,967.","29,574.","30,339.",70 +
29,            70 +,Эмэгтэй,Female,"29,005.","29,760.","29,767.","30,122.","30,445.","30,798.","38,115.","38,138.","38,979.","38,799.","40,058.","40,128.","41,991.","42,071.","45,289.","44,012.","45,158.","46,424.","48,060.","49,978.",70 +
