zoneCode,#  zone,Aimag,ADM1_MN,Soum,Soum2,ADM2_PCODE,pasture_area_ha,pasture_grass_yield_kg_dryMass,livestock_sheepunits,grazing_fee,fee_perSheep,fee_monthly,revenue,p_soum_fund,p_rm_fund,p_qe_fund
1,8,Arhangai,MN65,Bulgan,Булган,MN6507,152363,237,324822,1920.3,900.7,75.06,293,44,119,130
1,5,Arhangai,MN65,Cecerleg,Цэцэрлэг,MN6549,190551,267,579361,2802.3,921.7,76.81,534,78,211,244
1,6,Arhangai,MN65,Chuluut ,Чулуут,MN6552,254674,328,468582,1546.8,840.7,70.06,394,63,171,160
1,7,Arhangai,MN65,Erdenemandal,Эрдэнэмандал,MN6555,255402,349,864476,3073.2,908,75.66,785,117,316,353
1,4,Arhangai,MN65,Hangai,Хангайн бүс,MN6534,330734,199,269620,637.7,782.2,65.18,211,36,98,76
1,1,Arhangai,MN65,IhTamir,Их тамир,MN6513,261137,286,769733,2692.7,913.5,76.13,703,104,281,318
1,9,Arhangai,MN65,Jargalant,Жаргалант,MN6510,89692,283,534622,5707.8,957.6,79.8,512,72,195,245
1,2,Arhangai,MN65,Ondor-Ulaan,Өндөр-Улаан,MN6522,305645,362,738085,2091.7,866.2,72.18,639,100,269,270
1,3,Arhangai,MN65,Tariat,Тариат,MN6525,151889,355,515396,3076.1,906.5,75.54,467,70,188,210
2,5,Arhangai ,MN65,Batcengel ,Батцэнгэл,MN6504,315163,376,791353,2197.5,875.2,72.93,693,107,289,297
2,3,Arhangai ,MN65,Cahir ,Цахир,MN6543,271925,69,210594,716.6,925.3,77.11,195,28,77,90
2,4,Arhangai ,MN65,Cenher ,Цэнхэр,MN6546,135048,505,717975,4895.6,920.8,76.74,661,97,262,302
2,2,Arhangai ,MN65,Hairhan ,Хайрхан,MN6531,195487,263,670903,3213.2,936.3,78.02,628,91,245,293
3,4,Arhangai ,MN65,Hashaat ,Хашаат,MN6537,251003,155,629701,2383.6,950.1,79.18,598,85,230,283
2,6,Arhangai ,MN65,Hotont ,Хотонт,MN6540,179228,595,710089,3465.8,874.8,72.9,621,96,259,266
3,2,Arhangai ,MN65,Ogiinuur ,Өгийнуур,MN6516,158768,107,571894,3515.7,976,81.33,558,77,209,272
3,3,Arhangai ,MN65,Olziit ,Өлзийт,MN6519,161702,323,557675,3188.4,924.5,77.04,516,75,204,237
2,1,Arhangai ,MN65,Tuvshruuleh ,Төвшрүүлэх,MN6528,82427,870,292251,2820.4,795.5,66.29,232,39,107,86
4,8,Bayanhongor ,MN64,Baacagaan             ,Баацагаан,MN6404,715555,55,717016,943.5,941.5,78.46,675,97,262,317
3,10,Bayanhongor ,MN64,Bayanbulag             ,Баянбулаг,MN6407,315700,172,211789,532.5,0,66.14,168,29,77,62
4,3,Bayanhongor ,MN64,Bayancagaan           ,Баянцагаан,MN6422,538217,91,494409,821.7,894.5,74.54,442,67,180,195
4,9,Bayanhongor ,MN64,Bayangov'             ,Баянговь,MN6410,424512,113,422560,875,879,73.25,371,57,154,160
3,11,Bayanhongor ,MN64,Bayanhongor          ,Баянхонгор,MN6401,4783,67,372123,77755,999.3,83.28,372,50,136,186
4,1,Bayanhongor ,MN64,Bayanlig ,Баянлиг,MN6413,690332,63,458663,597.8,899.8,74.98,413,62,167,183
4,2,Bayanhongor ,MN64,Bayan-Ondor          ,Баян-Өндөр,MN6419, ,47,363324,544.9,916,76.33,333,49,133,151
3,5,Bayanhongor ,MN64,Bayan-Ovoo ,Баян-Овоо,MN6416,321726,127,445529,1282.7,926.3,77.19,413,60,163,190
4,4,Bayanhongor ,MN64,Bogd             ,Богд,MN6425,383356,116,487928,1149,902.8,75.23,440,66,178,197
3,6,Bayanhongor ,MN64,Bombogor             ,Бөмбөгөр,MN6428,292377,94,518022,1695.8,957.1,79.76,496,70,189,237
4,5,Bayanhongor ,MN64,Buucagaan             ,Бууцагаан,MN6431,537253,139,591727,953.7,865.9,72.16,512,80,216,217
1,26,Bayanhongor ,MN64,Erdenecogt             ,Эрдэнэцогт,MN6458,274469,227,425293,1346.6,869,72.42,370,57,155,157
1,24,Bayanhongor ,MN64,Galuut             ,Галуут,MN6434,339128,215,546484,1419.3,880.8,73.4,481,74,199,208
1,25,Bayanhongor ,MN64,Gurvanbulag           ,Гурванбулаг,MN6437, ,134,296019,558.1,823.8,68.65,244,40,108,96
3,9,Bayanhongor ,MN64,Huereemaral           ,Хүрээмарал,MN6452,424420,201,364577,696.8,811.2,67.6,296,49,133,113
3,12,Bayanhongor ,MN64,Jargalant ,Жаргалант,MN6440,402765,249,334596,629.5,757.8,63.15,254,45,122,86
4,6,Bayanhongor ,MN64,Jinst             ,Жинст,MN6443,522884,83,415090,705.3,888.5,74.04,369,56,152,161
3,8,Bayanhongor ,MN64,Olziit             ,Өлзийт,MN6449,382388,105,531297,1304.8,939.1,78.26,499,72,194,233
4,7,Bayanhongor ,MN64,Shinejinst ,Шинэжинст,MN6455,990491,57,371715,314.1,837,69.75,311,50,136,125
3,7,Bayanhongor ,MN64,Zag             ,Заг,MN6446,251710,122,292029,1061.5,915,76.25,267,39,107,121
1,10,Bayan-Olgii,MN83,Bugat,Бугат,MN8313,195401,191,212994,919.2,843.3,70.28,180,29,78,73
1,11,Bayan-Olgii,MN83,Bulgan,Булган,MN8316,461383,76,301355,585.7,896.8,74.73,270,41,110,120
1,20,Bayan-Olgii ,MN83,Altai ,Алтай,MN8304,268214,262,306734,909.4,795.2,66.27,244,41,112,91
1,21,Bayan-Olgii ,MN83,Altancogc ,Алтанцөгц,MN8307,146559,142,212436,1323.1,912.8,76.07,194,29,78,88
1,22,Bayan-Olgii ,MN83,Bayannuur ,Баяннуур,MN8310,158294,96,303212,1830.2,955.5,79.62,290,41,111,138
1,12,Bayan-Olgii ,MN83,Buyant ,Буянт,MN8319,181428,190,253039,1224.8,878.2,73.18,222,34,92,96
1,19,Bayan-Olgii ,MN83,Cengel ,Цэнгэл,MN8340,263069,135,395570,1383.4,920,76.67,364,53,144,166
1,13,Bayan-Olgii ,MN83,Deluun ,Дэлүүн,MN8322,495524,167,566740,994.8,869.8,72.48,493,77,207,210
1,14,Bayan-Olgii ,MN83,Nogoonnuur ,Ногооннуур,MN8325,379151,174,409159,924,856.2,71.35,350,55,149,146
1,15,Bayan-Olgii ,MN83,Sagsai ,Сагсай,MN8328,167805,98,68285,319.8,785.9,65.5,54,9,25,20
1,16,Bayan-Olgii ,MN83,Tolbo ,Толбо,MN8331,282611,132,306096,965,890.9,74.24,273,41,112,120
1,17,Bayan-Olgii ,MN83,Ulaanhus ,Улаанхус,MN8334,462852,91,310955,591,879.7,73.31,274,42,113,118
2,16,Bulgan ,MN63,Bayan-Agt ,Баян-Агт,MN6304,218107,251,562609,2370.4,918.9,76.58,517,76,205,236
3,1,Bulgan ,MN63,Bayannuur ,Баяннуур,MN6307,76091,153,253966,3214.3,963,80.25,245,34,93,118
2,17,Bulgan ,MN63,Bugat ,Бугат,MN6310,56893,333,253120,4172,937.7,78.14,237,34,92,111
2,18,Bulgan ,MN63,Bulgan ,Булган,MN6301,2085,163,153079,73277.1,998.1,83.18,153,21,56,76
2,8,Bulgan ,MN63,Bureghangai ,Бүрэгхангай,MN6313,297388,295,639167,1903.8,885.8,73.82,566,86,233,247
3,14,Bulgan ,MN63,Dashinchilen ,Дашинчилэн,MN6319,206097,167,514210,2360,945.9,78.82,486,69,188,229
3,13,Bulgan ,MN63,Gurvanbulag ,Гурванбулаг,MN6316,213971,225,669908,2949.5,942.1,78.51,631,90,245,296
2,19,Bulgan ,MN63,Hangal ,Хангал,MN6340,57380,214,212918,3532,951.9,79.32,203,29,78,96
2,14,Bulgan ,MN63,Hishig-Ondor ,Хишиг-Өндөр,MN6343,206409,369,531242,2265.9,880.4,73.37,468,72,194,202
2,15,Bulgan ,MN63,Hutag-Ondor ,Хутаг-Өндөр,MN6346,166551,373,558362,3041.3,907.2,75.6,507,75,204,227
2,9,Bulgan ,MN63,Mogod ,Могод,MN6322,241690,227,651705,2507.6,929.9,77.5,606,88,238,280
2,10,Bulgan ,MN63,Orhon ,Орхон,MN6325,329457,251,778735,2154.8,911.6,75.97,710,105,284,321
3,15,Bulgan ,MN63,Rashaant ,Рашаант,MN6725,72443,184,392666,5271.8,972.6,81.05,382,53,143,186
2,11,Bulgan ,MN63,Saihan ,Сайхан,MN4331,246086,235,728631,2764.8,933.8,77.82,680,98,266,316
2,12,Bulgan ,MN63,Selenge ,Сэлэнгэ,MN6334,85633,442,233077,2353.1,864.5,72.05,202,31,85,85
2,13,Bulgan ,MN63,Teshig ,Тэшиг,MN6337,38241,511,210670,5083.5,922.8,76.9,194,28,77,89
2,20,Darhan-Uul ,MN45,Darhan  ,Дархан,MN4501,1432,687,169691,117963,995.2,82.93,169,23,62,84
2,22,Darhan-Uul ,MN45,Hongor  ,Хонгор,MN4507,137471,470,326964,1986.7,835.3,69.61,273,44,119,110
2,21,Darhan-Uul ,MN45,Orhon  ,Орхон,MN4504,34074,318,99358,2651.1,909.2,75.76,90,13,36,41
2,23,Darhan-Uul ,MN45,Sharyn gol  ,Шарын гол,MN4510,4369,387,89930,20262.3,984.3,82.03,89,12,33,44
2,25,Dornod ,MN21,Bayandun ,Баяндун,MN2104,477913,1160,308506,966.6,1497.4,124.78,462,42,113,308
3,29,Dornod ,MN21,Bayantuemen ,Баянтүмэн,MN2107,651291,549,354244,443.1,814.6,67.88,289,48,129,111
2,26,Dornod ,MN21,Bayan-Uul ,Баян-Уул,MN2110,346098,717,246777,597.4,837.8,69.82,207,33,90,83
3,21,Dornod ,MN21,Bulgan ,Булган,MN2113,672244,752,271521,606.1,1500.5,125.04,407,37,99,272
3,27,Dornod ,MN21,Cagaan-Ovoo ,Цагаан-Овоо,MN2134,353219,769,387846,620,564.6,47.05,219,52,142,25
3,28,Dornod ,MN21,Choibalsan ,Чойбалсан,MN2137,687746,881,281090,710.7,1738.8,144.9,489,38,103,348
3,31,Dornod ,MN21,Chuluunhoroot ,Чулуунхороот,MN2140,401829,831,175707,670,1532.3,127.69,269,24,64,181
2,24,Dornod ,MN21,Dashbalbar ,Дашбалбар,MN2119,760566,752,461298,626.6,1033.1,86.1,477,62,168,246
3,22,Dornod ,MN21,Gurvanzagal ,Гурванзагал,MN2116,388566,903,270494,728.2,1046.1,87.18,283,37,99,148
3,25,Dornod ,MN21,Halhgol ,Халхгол,MN2128,828837,849,180148,684.9,3150.9,262.58,568,24,66,478
3,26,Dornod ,MN21,Holonbuir ,Хөлөнбуйр,MN2131,241511,960,263921,773.8,708.1,59.01,187,36,96,55
3,23,Dornod ,MN21,Matad ,Матад,MN2122,1943453,672,355497,542.1,2963.7,246.98,1054,48,130,876
3,24,Dornod ,MN21,Sergelen ,Сэргэлэн,MN2125,241130,821,343875,763.7,535.5,44.62,184,46,126,12
4,19,Dornogov' ,MN44,Airag ,Айраг,MN4404,698776,115,236804,216.4,638.6,53.21,151,32,86,33
4,20,Dornogov' ,MN44,Altanshiree ,Алтанширээ,MN4407,703951,76,217455,227.7,737.2,61.44,160,29,79,52
3,20,Dornogov' ,MN44,Dalanjargalan ,Даланжаргалан,MN4410,370875,141,287071,660.6,853.5,71.12,245,39,105,101
4,11,Dornogov' ,MN44,Delgereh ,Дэлгэрэх,MN4413,478568,148,345063,563.4,781.4,65.12,270,47,126,97
4,22,Dornogov' ,MN44,Erdene ,Эрдэнэ,MN4440,746684,88,265223,261.8,737,61.42,195,36,97,63
4,17,Dornogov' ,MN44,Hatanbulag ,Хатанбулаг,MN4434,904910,33,433689,444.5,927.4,77.29,402,59,158,185
4,18,Dornogov' ,MN44,Hovsgol ,Хөвсгөл,MN4437,754038,39,230037,263.5,863.8,71.98,199,31,84,84
3,19,Dornogov' ,MN44,Ihhet ,Иххэт,MN4419,409445,156,59305,126.2,871.3,72.61,52,8,22,22
4,13,Dornogov' ,MN44,Mandah ,Мандах,MN4422,1216671,46,278260,180.1,787.6,65.64,219,38,102,80
4,14,Dornogov' ,MN44,Orgon ,Өргөн,MN4425,837859,81,270811,237.3,734.1,61.18,199,37,99,63
4,15,Dornogov' ,MN44,Saihandulaan ,Сайхандулаан,MN4428,940917,68,227930,170.1,702.2,58.52,160,31,83,46
4,21,Dornogov' ,MN44,Sainshand ,Сайншанд,MN4401,121447,54,198688,1578.3,964.7,80.39,192,27,73,92
4,16,Dornogov' ,MN44,Ulaanbadrah ,Улаанбадрах,MN4431,1035732,59,271718,199.8,761.7,63.47,207,37,99,71
4,12,Dornogov' ,MN44,Zamyn-Uud ,Замын-Үүд,MN4416,14790,59,59305,3947,984.3,82.03,58,8,22,29
3,35,Dundgov' ,MN48,Adaacag ,Адаацаг,MN4804,326930,189,470051,1285.2,893.9,74.49,420,63,172,185
4,30,Dundgov' ,MN48,Bayanjargalan ,Баянжаргалан,MN4807,307073,96,181405,488.2,826.4,68.87,150,24,66,59
3,38,Dundgov' ,MN48,Cagaandelger ,Цагаандэлгэр,MN4840,338549,269,226776,452.9,676.1,56.34,153,31,83,40
3,32,Dundgov' ,MN48,Delgercogt ,Дэлгэрцогт,MN4819,247721,246,282418,941.7,826,68.83,233,38,103,92
4,24,Dundgov' ,MN48,Delgerhangai ,Дэлгэрхангай,MN4816,617693,138,286810,318,684.8,57.07,196,39,105,53
3,33,Dundgov' ,MN48,Deren ,Дэрэн,MN4822,360539,165,390976,951.5,877.4,73.12,343,53,143,148
3,34,Dundgov' ,MN48,Erdenedalai ,Эрдэнэдалай,MN4843,728483,235,865672,998.8,840.5,70.04,728,117,316,295
3,36,Dundgov' ,MN48,Gov'-Ugtaal ,Говь-Угтаал,MN4810,252958,239,295129,974.2,835,69.58,246,40,108,99
4,23,Dundgov' ,MN48,Gurvansaihan ,Гурвансайхан,MN4813,514805,68,370517,647.9,900.2,75.02,334,50,135,148
4,29,Dundgov' ,MN48,Huld ,Хулд,MN4837,602980,161,408929,506.7,747.1,62.26,306,55,149,101
4,25,Dundgov' ,MN48,Luus ,Луус,MN4825,313059,135,282545,759.1,841.1,70.09,238,38,103,96
3,37,Dundgov' ,MN48,Mandalgov' ,,,331731,174,624924,1743.2,925.4,77.11,578,84,228,266
4,26,Dundgov' ,MN48,Olziit ,Өлзийт,MN4828,1288877,51,427652,277.5,836.3,69.69,358,58,156,144
4,27,Dundgov' ,MN48,Ondorshil ,Өндөршил,MN4831,482462,172,258067,351.9,657.9,54.82,170,35,94,41
4,28,Dundgov' ,MN48,Saihan-Ovoo ,Сайхан-Овоо,MN4834,400683,164,292221,554.7,760.6,63.39,222,39,107,76
5,16,Gov'-Altai ,MN82,Altai ,Алтай,MN8204,208635,103,478198,2182.6,952.2,79.35,455,65,175,216
5,14,Gov'-Altai ,MN82,Bayan-Uul ,Баян-Уул,MN8207,495488,196,460043,719.7,775.2,64.6,357,62,168,127
5,15,Gov'-Altai ,MN82,Biger ,Бигэр,MN8210,351109,84,349090,905,910.2,75.85,318,47,127,143
5,1,Gov'-Altai ,MN82,Bugat ,Бугат,MN8213,728258,57,280125,324.3,843.1,70.26,236,38,102,96
5,9,Gov'-Altai ,MN82,Ceel ,Цээл,MN8243,513230,116,525237,899.8,879.2,73.27,462,71,192,199
5,10,Gov'-Altai ,MN82,Chandman' ,Чандмань,MN8246,460178,138,382767,684.8,823.3,68.61,315,52,140,124
5,17,Gov'-Altai ,MN82,Cogt ,Цогт,MN8240,603786,52,325824,483.8,896.6,74.72,292,44,119,129
5,3,Gov'-Altai ,MN82,Darvi ,Дарив,MN8216,302607,226,369428,980.3,803,66.91,297,50,135,112
5,4,Gov'-Altai ,MN82,Delger ,Дэлгэр,MN8219,655604,87,484060,645.4,874.1,72.85,423,65,177,181
5,12,Gov'-Altai ,MN82,Erdene ,Эрдэнэ,MN8252,406544,83,335192,736.2,893,74.41,299,45,122,132
5,8,Gov'-Altai ,MN82,Haliun ,Халиун,MN8234,277891,182,303855,899.7,822.8,68.57,250,41,111,98
4,10,Gov'-Altai ,MN82,Hohmor't ,Хөхморьт,MN8237,467584,94,466302,897,899.5,74.96,419,63,170,186
5,5,Gov'-Altai ,MN82,Jargalant ,Жаргалан,MN8222,320735,118,404612,1136.1,900.5,75.05,364,55,148,162
5,11,Gov'-Altai ,MN82,Sarga ,Шарга,MN8249,488753,160,367851,582.9,774.5,64.54,285,50,134,101
5,2,Gov'-Altai ,MN82,Taishir ,Тайшир,MN8225,380691,136,308565,665.6,821.2,68.43,253,42,113,99
5,7,Gov'-Altai ,MN82,Togrog ,Төгрөг,MN8231,291578,158,432600,1316,887,73.91,384,58,158,167
5,6,Gov'-Altai ,MN82,Tonhil ,Тонхил,MN8228,516026,65,221443,359.8,838.5,69.87,186,30,81,75
3,16,Gov'suember  ,MN42,Bayantal  ,Баянтал,MN4204,83998,225,119169,1237.3,872.1,72.68,104,16,43,44
3,18,Gov'suember  ,MN42,Shiveegov' ,Шивээговь,MN4207,81844,184,78701,813.2,845.7,70.47,67,11,29,27
3,17,Gov'suember  ,MN42,Suember  ,Сүмбэр,MN4201,300462,167,561681,1734.7,928,77.33,521,76,205,240
3,65,Hentii ,MN23,Batnorov ,Батноров,MN2304,475245,473,758879,1215.2,761,63.42,578,102,277,198
2,80,Hentii ,MN23,Batshireet ,Батширээт,MN2307,126109,539,176730,952,679.3,56.61,120,24,65,32
2,81,Hentii ,MN23,Bayan-Adraga ,Баян-Адарга,MN2310,253860,336,264180,760.3,730.6,60.88,193,36,96,61
3,59,Hentii ,MN23,Bayanhutag ,Баянхутаг,MN2319,550882,528,752886,941,688.5,57.38,518,102,275,142
3,57,Hentii ,MN23,Bayanmonh ,Баянмөнх,MN2313,244183,471,349065,1050.1,734.6,61.21,256,47,127,82
3,58,Hentii ,MN23,Bayan-Ovoo ,Баян-Овоо,MN2316,220172,717,345390,990.5,631.4,52.61,218,47,126,45
2,75,Hentii ,MN23,Binder ,Биндэр,MN2322,389686,462,450261,770.1,666.5,55.54,300,61,164,75
3,60,Hentii ,MN23,Bor-Ondor ,Бор-Өндөр,MN2352,0,0,144908,0,0,0,0,0,0,0
2,79,Hentii ,MN23,Cenhermandal ,Цэнхэрмандал,MN2349,186798,468,427824,1900.4,829.8,69.15,355,58,156,141
2,76,Hentii ,MN23,Dadal ,Дадал,MN2328,162883,616,123477,513.4,677.3,56.44,84,17,45,22
3,62,Hentii ,MN23,Darhan ,Дархан,MN2331,399835,529,440659,675.7,613.1,51.09,270,59,161,50
3,63,Hentii ,MN23,Delgerhaan ,Дэлгэрхаан,MN2334,191211,449,1270989,6284.6,945.5,78.79,1202,172,464,566
3,61,Hentii ,MN23,Galshar ,Галшар,MN2325,648093,301,600812,684.2,738,61.5,443,81,219,143
3,64,Hentii ,MN23,Jargalthaan ,Жаргалтхаан,MN2337,242573,443,425690,1397.7,796.5,66.37,339,57,155,126
2,77,Hentii ,MN23,Norovlin ,Норовлин,MN2343,390618,569,284800,474.5,650.8,54.24,185,38,104,43
3,66,Hentii ,MN23,OElziit ,,,197596,657,373646,1361.1,719.8,59.98,269,50,136,82
2,78,Hentii ,MN23,Omnodelger ,Өмнөдэлгэр,MN2346,506844,420,960163,1544.4,815.2,67.94,783,130,350,303
5,47,Hovd ,MN84,Altai ,Алтай,MN8404,830037,77,308117,289.8,780.6,65.05,241,42,112,86
5,48,Hovd ,MN84,Bulgan ,Булган,MN8407,269736,173,523125,1755.2,905,75.42,473,71,191,212
5,49,Hovd ,MN84,Buyant ,Буянт,MN8410,187626,163,423858,2085.7,923.3,76.94,391,57,155,179
1,44,Hovd ,MN84,Ceceg ,Цэцэг,MN8443,255251,66,287406,1066.8,947.5,78.96,272,39,105,129
5,45,Hovd ,MN84,Chandman' ,Чандмань,MN8446,525739,108,530770,894.9,886.4,73.87,470,72,194,205
5,39,Hovd ,MN84,Darvi ,Дарви,MN8413,492837,177,435459,695.3,786.9,65.57,343,59,159,125
5,40,Hovd ,MN84,Dorgon ,Дөргөн,MN8416,373423,63,272359,661.9,907.5,75.63,247,37,99,111
1,41,Hovd ,MN84,Duut ,Дуут,MN8419,212151,112,282137,1229.6,924.6,77.05,261,38,103,120
5,46,Hovd ,MN84,Erdenebueren ,Эрдэнэбүрэн,MN8449,160990,130,410958,2414.9,946,78.83,389,55,150,183
5,51,Hovd ,MN84,Hovd ,Ховд,MN8440,231642,122,368113,1459.6,918.5,76.54,338,50,134,154
5,42,Hovd ,MN84,Manhan ,Манхан,MN8425,358299,196,560349,1355.9,867,72.25,486,76,205,206
1,42,Hovd ,MN84,Monhhairhan ,Мөнххайрхан,MN8428,167804,86,237460,1338.6,946,78.83,225,32,87,106
1,43,Hovd ,MN84,Most ,Мөст,MN8431,387525,78,397332,955.4,931.8,77.65,370,54,145,172
5,43,Hovd ,MN84,Myangad ,Мянгад,MN8434,309195,151,492775,1433.3,899.3,74.95,443,67,180,197
5,44,Hovd ,MN84,Uyench ,Үенч,MN8437,300148,91,273643,815.1,894.1,74.51,245,37,100,108
5,41,Hovd ,MN84,Zereg ,Зэрэг,MN8422,247327,181,370876,1306.6,871.3,72.61,323,50,135,138
1,58,Hovsgol ,MN67,Alag-Erdene ,Алаг-Эрдэнэ,MN6704,194505,235,453250,2120.5,910,75.83,412,61,165,186
1,59,Hovsgol ,MN67,Arbulag ,Арбулаг,MN6707,315407,177,578734,1677.1,914,76.17,529,78,211,240
1,60,Hovsgol ,MN67,Bayanzuerh ,Баянзүрх,MN6710,166893,368,441552,2317.4,875.9,72.99,387,60,161,166
1,45,Hovsgol ,MN67,Burentogtoh ,Бүрэнтогтох,MN6713,251668,231,682010,2503.4,923.8,76.98,630,92,249,289
1,53,Hovsgol ,MN67,Cagaan-Uul ,Цагаан-Уул,MN6752,457434,358,744474,1307.9,803.6,66.97,598,101,272,226
1,54,Hovsgol ,MN67,Cagaan-Uur ,Цагаан-Үүр,MN6755,4628,939,106340,22139,963.5,80.29,102,14,39,49
1,56,Hovsgol ,MN67,Candman'-Ondor ,Чандмань-Өндөр,MN6761,67286,305,163907,2164,888.3,74.03,146,22,60,64
1,55,Hovsgol ,MN67,Cecerleg ,Цэцэрлэг,MN6758,349557,317,554111,1302.1,821.4,68.45,455,75,202,178
2,72,Hovsgol ,MN67,Erdenebulgan ,Эрдэнэбулган,MN6767,147,619,201276,0,999.6,83.3,201,27,73,101
1,46,Hovsgol ,MN67,Galt ,Галт,MN6716,231680,161,747569,3082.5,955.3,79.61,714,101,273,340
1,51,Hovsgol ,MN67,Hanh ,Ханх,MN6746,10728,432,131257,11849.7,968.5,80.71,127,18,48,61
2,68,Hovsgol ,MN67,Ih-Uul ,Их-Уул,MN6722,112096,584,561290,4520.8,902.9,75.24,507,76,205,226
1,47,Hovsgol ,MN67,Jargalant ,Жаргалант,MN6719,120368,397,464540,3505.3,908.3,75.69,422,63,170,190
2,73,Hovsgol ,MN67,Moron ,Мөрөн,MN6701,8065,383,406499,50084.7,993.7,82.81,404,55,148,201
2,69,Hovsgol ,MN67,Rashaant ,Рашаант,MN6328,120077,499,439105,3240.9,886.2,73.85,389,59,160,170
1,48,Hovsgol ,MN67,Renchinlhumbe ,Рэнчинлхүмбэ,MN6728,117924,499,374633,2731.2,859.7,71.64,322,51,137,135
1,57,Hovsgol ,MN67,Shine-Ider ,Шинэ-Идэр,MN6764,152889,597,401229,2091,796.8,66.4,320,54,146,119
2,70,Hovsgol ,MN67,Tarialan ,Тариалан,MN8540,150794,526,439052,2473.6,849.6,70.8,373,59,160,153
1,49,Hovsgol ,MN67,Tomorbulag ,Төмөрбулаг,MN6737,182072,147,598430,3155.5,960.1,80.01,575,81,218,275
2,71,Hovsgol ,MN67,Tosoncengel ,Тосонцэнгэл,MN6734,162276,448,567557,3124.4,893.3,74.44,507,77,207,223
2,74,Hovsgol ,MN67,Tunel ,Түнэл,MN6740,229622,290,443509,1689.7,874.8,72.9,388,60,162,166
1,50,Hovsgol ,MN67,Ulaan-uul ,Улаан-Уул,MN6743,242561,204,359334,1299.3,877.1,73.09,315,49,131,135
4,49,Omnogov' ,MN46,Bayandalai ,Баяндалай,MN4604,691590,86,372052,446.5,829.9,69.16,309,50,136,123
4,50,Omnogov' ,MN46,Bayan-Ovoo ,Баян-Овоо,MN4607,518239,56,261230,444.8,882.4,73.53,231,35,95,100
4,51,Omnogov' ,MN46,Bulgan ,Булган,MN4610,489170,81,322188,572.7,869.5,72.45,280,43,118,119
4,48,Omnogov' ,MN46,Cogtcecii ,Цогтцэций,MN4643,684951,52,217545,262.2,825.6,68.8,180,29,79,71
4,53,Omnogov' ,MN46,Cogt-Ovoo ,Цогт-Овоо,MN4640,577219,77,209260,280.3,773.3,64.44,162,28,76,57
4,52,Omnogov' ,MN46,Dalanzadgad ,Даланзадгад,MN4601,39072,136,189085,4695.1,970.2,80.85,183,26,69,89
4,39,Omnogov' ,MN46,Gurvantes ,Гурвантэс,MN4613,1411408,50,380051,215.8,801.6,66.8,305,51,139,115
4,45,Omnogov' ,MN46,Hanbogd ,Ханбогд,MN4631,1104628,41,345096,268.6,859.8,71.65,297,47,126,124
4,46,Omnogov' ,MN46,Hanhongor ,Ханхонгор,MN4634,815625,96,407954,398.3,796.3,66.36,325,55,149,121
4,47,Omnogov' ,MN46,Hurmen ,Хүрмэн,MN4637,1054637,80,305193,204.6,707,58.92,216,41,111,63
4,40,Omnogov' ,MN46,Mandal-Ovoo ,Мандал-Овоо,MN4616,578965,45,326010,515.1,914.7,76.23,298,44,119,135
4,41,Omnogov' ,MN46,Manlai ,Манлай,MN4619,1017193,93,343535,239.1,707.9,58.99,243,46,125,71
4,43,Omnogov' ,MN46,Nomgon ,Номгон,MN4625,1020161,88,539298,435.5,823.8,68.65,444,73,197,175
4,42,Omnogov' ,MN46,Noyon ,Ноён,MN4622,931043,47,246703,214.7,810.2,67.52,200,33,90,77
4,44,Omnogov' ,MN46,Sevrei ,Сэврэй,MN4628,138385,41,328400,2329.6,981.7,81.81,322,44,120,158
2,27,Orhon  ,MN61,Bayan-Ondor ,Баян-Өндөр,MN6101,0,0,127993,0,0,0,0,0,0,0
2,28,Orhon  ,MN61,Jargalant  ,Жаргалант,MN6104,39441,0,199017,0,0,0,0,0,0,0
2,33,Ovorhangai ,MN62,Arvaiheer ,Арвайхээр,MN6201,5469,104,491692,89825.3,999,83.25,491,66,179,245
4,37,Ovorhangai ,MN62,Baruun bayanUlaan ,Баруунбаян-Улаан,MN6204,387219,86,393300,924.7,910.4,75.87,358,53,144,161
2,34,Ovorhangai ,MN62,Bat-Olzii ,Бат-Өлзий,MN6207,32672,698,596922,17688.4,968.2,80.68,578,81,218,279
4,38,Ovorhangai ,MN62,Bayangol ,Баянгол,MN6210,351202,142,635157,1657.6,916.5,76.38,582,86,232,265
3,39,Ovorhangai ,MN62,Bayan-Ondor ,Баян-Өндөр,MN6213,310217,247,730810,2156.3,915.3,76.28,669,99,267,304
4,33,Ovorhangai ,MN62,Bogd ,Богд,MN6216,960421,77,800095,751.1,901.6,75.14,721,108,292,321
3,40,Ovorhangai ,MN62,Burd ,Бүрд,MN6219,210625,365,680274,2935.6,908.9,75.74,618,92,248,278
4,34,Ovorhangai ,MN62,Guchin-Us ,Гучин-Ус,MN6222,463607,85,400536,773.8,895.6,74.63,359,54,146,158
3,44,Ovorhangai ,MN62,Hairhandulaan ,Хайрхандулаан,MN6249,408603,189,592578,1297.9,895,74.58,530,80,216,234
2,31,Ovorhangai ,MN62,Harhorin ,Хархорин,MN6252,119867,278,678923,5432.5,959.1,79.93,651,92,248,312
2,32,Ovorhangai ,MN62,Hujirt ,Хужирт,MN6255,122562,472,591545,4432.8,918.4,76.54,543,80,216,248
3,42,Ovorhangai ,MN62,Nariin teel ,Нарийнтээл,MN6231,264498,155,472121,1660.3,930.1,77.51,439,64,172,203
3,43,Ovorhangai ,MN62,Olziit ,Өлзийт,MN6234,174981,162,454647,2467.7,949.7,79.14,432,61,166,204
4,35,Ovorhangai ,MN62,Sant ,Сант,MN6237,254286,97,486715,1811.4,946.4,78.86,461,66,178,217
3,45,Ovorhangai ,MN62,Taragt ,Тарагт,MN6240,307083,153,475133,1424.1,920.4,76.7,437,64,173,200
4,36,Ovorhangai ,MN62,Toegroeg ,Төгрөг,MN6243,531070,329,338148,349.9,549.6,45.8,186,46,123,17
2,30,Ovorhangai ,MN62,Uyanga ,Уянга,MN6246,275432,423,805268,2571.4,879.5,73.29,708,109,294,306
3,41,Ovorhangai ,MN62,Ysonzuil ,Есөн зүйл,MN6225,214358,199,442301,1903.1,922.3,76.86,408,60,161,187
2,29,Ovorhangai ,MN62,Zuunbayan-Ulaan ,Зүүнбаян-Улаан,MN6228,251386,611,458818,1315.8,720.9,60.08,331,62,167,101
2,47,Selenge ,MN43,Altanbulag ,Алтанбулаг,MN4304,44,250,104443,0,999.9,83.33,0,0,0,0
2,48,Selenge ,MN43,Baruunbueren ,Баруунбүрэн,MN4307,145247,487,366090,2114.5,838.9,69.91,307,49,134,124
2,49,Selenge ,MN43,Bayangol  ,Баянгол,MN4310,134357,491,309203,1891.8,822,68.5,254,42,113,100
2,45,Selenge ,MN43,Cagaannuur ,Цагааннуур,MN4346,188665,309,312576,1399.6,844.7,70.4,264,42,114,108
2,51,Selenge ,MN43,Huder ,Хүдэр,MN4340,44773,1044,87165,1077.1,553.2,46.1,48,12,32,5
2,35,Selenge ,MN43,Hushaat ,Хушаат,MN4343,125213,397,149089,859.8,722.1,60.17,108,20,54,33
2,37,Selenge ,MN43,Javhlant ,Жавхлант,MN4316,73528,523,194538,2209.6,835.2,69.6,162,26,71,65
2,39,Selenge ,MN43,Mandal ,Мандал,MN4322,106131,830,328894,2407.3,776.8,64.73,255,44,120,91
2,40,Selenge ,MN43,Orhon ,Орхон,MN4325,87132,258,228909,2412.1,918.2,76.51,210,31,84,96
2,41,Selenge ,MN43,Orhontuul ,Орхонтуул,MN4328,234405,565,447489,1438,753.3,62.77,337,60,163,113
2,46,Selenge ,MN43,Saamar ,Шаамар,MN4349,16717,233,60563,3428.3,946.3,78.86,57,8,22,27
2,42,Selenge ,MN43,Saihan ,Сайхан,MN6331,88362,347,206100,2043.5,876.1,73.01,181,28,75,78
2,43,Selenge ,MN43,Sant ,Сант,MN4334,95421,414,169886,1435.2,806.1,67.18,137,23,62,52
2,50,Selenge ,MN43,Suhbaatar ,Сүхбаатар,MN4301,890,204,55717,62447,997.3,83.11,0,0,0,0
2,44,Selenge ,MN43,Tueshig ,Түшиг,MN4337,46789,631,111526,1858,779.5,64.96,87,15,41,31
2,36,Selenge ,MN43,Yroo ,Ерөө,MN4313,151616,867,174432,722.9,628.3,52.36,110,24,64,22
2,38,Selenge ,MN43,Zuunburen ,Зүүнбүрэн,MN4319,77451,664,154035,1435.1,721.6,60.13,111,21,56,34
3,54,Suhbaatar ,MN22,Asgat ,Асгат,MN2204,703526,676,324402,545.3,1182.6,98.55,384,44,118,221
3,55,Suhbaatar ,MN22,Baruun-Urt ,Баруун-Урт,MN2201,0,489,821831,0,0,0,0,0,0,0
4,55,Suhbaatar ,MN22,Bayandelger ,Баяндэлгэр,MN2207,726382,317,662473,575.1,630.6,52.55,418,89,242,86
3,56,Suhbaatar ,MN22,Dar'ganga ,Дарьганга,MN2210,318490,418,428940,1009.4,749.5,62.46,321,58,157,107
3,53,Suhbaatar ,MN22,Erdenecagaan ,Эрдэнэцагаан,MN2237,1294013,544,700563,438.6,810.1,67.51,568,95,256,217
3,52,Suhbaatar ,MN22,Halzan ,Халзан,MN2234,373715,412,304335,482.3,592.2,49.35,180,41,111,28
3,46,Suhbaatar ,MN22,Moenhhaan ,Мөнххаан,MN2213,715560,685,818236,591.3,517.1,43.09,423,110,299,14
3,47,Suhbaatar ,MN22,Naran ,Наран,MN2216,189230,488,243786,894.6,694.4,57.87,169,33,89,47
3,48,Suhbaatar ,MN22,Ongon ,Онгон,MN2219,542558,458,495440,544,595.7,49.64,295,67,181,47
4,54,Suhbaatar ,MN22,Tovshinshiree ,Түвшинширээ,MN2225,431819,319,534889,899.2,725.9,60.49,388,72,195,121
3,50,Suhbaatar ,MN22,Tumencogt ,Түмэнцогт,MN2228,178276,824,276481,886.1,571.4,47.61,158,37,101,20
3,51,Suhbaatar ,MN22,Uulbayan ,Уулбаян,MN2231,490220,330,468453,689.6,721.6,60.13,338,63,171,104
2,63,Tov ,MN41,Altanbulag ,Алтанбулаг,MN4104,480522,465,634365,933.1,706.8,58.9,448,86,232,131
2,64,Tov ,MN41,Argalant ,Аргалант,MN4107,84408,324,212467,2247.2,892.8,74.4,190,29,78,83
3,78,Tov ,MN41,Arhust ,Архуст,MN4110,54482,520,132137,2006.2,827.2,68.93,109,18,48,43
2,52,Tov ,MN41,Batsuember ,Батсүмбэр,MN4113,82325,610,207275,2009.2,798,66.5,165,28,76,62
3,68,Tov ,MN41,Bayan ,Баян,MN4116,266585,317,336640,1006.9,797.4,66.45,268,45,123,100
3,72,Tov ,MN41,Bayancagaan ,Баянцагаан,MN4131,641808,279,521109,586.8,722.7,60.23,377,70,190,116
2,55,Tov ,MN41,Bayanchandman' ,Баянчандмань,MN4137,40782,465,117803,2501.1,865.8,72.15,102,16,43,43
2,54,Tov ,MN41,Bayancogt ,Баянцогт,MN4134,105218,505,223458,1702.9,801.8,66.82,179,30,82,67
2,53,Tov ,MN41,Bayandelger ,Баяндэлгэр,MN4119,166222,458,386480,1943.8,836,69.67,323,52,141,130
3,71,Tov ,MN41,Bayanhangai ,Баянхангай,MN4128,54135,211,181515,3182.8,949.2,79.1,172,25,66,82
3,69,Tov ,MN41,Bayanjargalan ,Баянжаргалан,MN4122,233046,352,421893,1526.3,843.1,70.26,356,57,154,145
3,70,Tov ,MN41,Bayan-Onjuul ,Баян-Өнжүүл,MN4125,470897,276,681869,1225.5,846.3,70.53,577,92,249,236
2,65,Tov ,MN41,Bornuur ,Борнуур,MN4140,62874,393,275259,4050.6,925.2,77.1,255,37,100,117
3,73,Tov ,MN41,Bueren ,Бүрэн,MN4143,372001,419,659054,1434,809.4,67.45,533,89,241,204
2,61,Tov ,MN41,Ceel ,Цээл,MN4173,107609,318,288227,2413.4,901,75.09,260,39,105,116
3,74,Tov ,MN41,Delgerhaan ,Дэлгэрхаан,MN4146,208770,265,346363,1445.5,871.3,72.61,302,47,126,129
2,62,Tov ,MN41,Erdene ,Эрдэнэ,MN4176,131697,368,433102,2981.9,906.7,75.56,393,58,158,176
3,77,Tov ,MN41,Erdenesant ,Эрдэнэсант,MN4179,251384,395,839383,3020.8,904.7,75.39,759,113,306,340
2,56,Tov ,MN41,Jargalant ,Жаргалант,MN4149,99396,361,335639,3076.1,911,75.91,306,45,123,138
3,75,Tov ,MN41,Lun ,Лүн,MN4155,232573,253,499781,1945.3,905.2,75.44,452,67,182,203
2,58,Tov ,MN41,Mongonmor't ,Мөнгөнморьт,MN4158,86878,327,227594,2347.2,896,74.67,204,31,83,90
3,76,Tov ,MN41,Ondorshireet ,Өндөрширээт,MN4161,253974,324,494137,1684.1,865.6,72.13,428,67,180,181
2,60,Tov ,MN41,Sergelen ,Сэргэлэн,MN4167,347121,400,378116,756,694.1,57.84,262,51,138,73
2,59,Tov ,MN41,Sumber ,Сүмбэр,MN4164,22541,378,90505,3700,921.5,76.79,83,12,33,38
2,67,Tov ,MN41,Ugtaal  ,Угтаалцайдам,MN4170,104428,538,270314,2140.5,826.9,68.91,224,36,99,88
2,57,Tov ,MN41,Zaamar ,Заамар,MN4152,238169,551,548053,1842.3,800.6,66.72,439,74,200,165
5,34,Uvs ,MN85,Baruunturuun ,Баруунтуруун,MN8504,38175,175,151008,3769,952.8,79.4,144,20,55,68
5,35,Uvs ,MN85,Boehmoeroen ,Бөхмөрөн,MN8507,310492,85,219988,618.5,873,72.75,192,30,80,82
5,33,Uvs ,MN85,Cagaanhairhan ,Цагаанхайрхан,MN8555,329264,77,278478,763.4,902.7,75.22,251,38,102,112
5,36,Uvs ,MN85,Davst ,Давст,MN8510,162435,105,128769,680.8,858.7,71.56,111,17,47,46
5,31,Uvs ,MN85,Hovd ,Ховд,MN8549,260081,125,280027,943.8,876.6,73.05,245,38,102,105
5,32,Uvs ,MN85,Hyargas ,Хяргас,MN8552,291890,145,295898,859.9,848.2,70.69,251,40,108,103
5,26,Uvs ,MN85,Malchin ,Малчин,MN8522,354657,147,248945,545.7,777.4,64.79,194,34,91,69
4,58,Uvs ,MN85,Naranbulag ,Наранбулаг,MN8525,505725,92,366598,627.1,865,72.09,317,49,134,134
4,59,Uvs ,MN85,Olgii ,Өлгий,MN8528,229978,66,207200,831.1,922.5,76.87,191,28,76,88
4,60,Uvs ,MN85,Omnogov' ,Өмнөговь,MN8531,272166,137,346913,1128.5,885.3,73.78,307,47,127,134
5,27,Uvs ,MN85,Ondorhangai ,Өндөрхангай,MN8534,311239,171,354035,955.5,840,70,297,48,129,120
5,28,Uvs ,MN85,Sagil ,Сагил,MN8537,255421,74,272796,989.1,926.1,77.18,253,37,100,116
5,37,Uvs ,MN85,Tarialan ,Тариалан,MN6731,224063,113,223031,875.6,879.6,73.3,196,30,81,85
5,30,Uvs ,MN85,Tes ,Тэс,MN8546,151231,244,786534,4941.3,950.1,79.17,747,106,287,354
5,29,Uvs ,MN85,Turgen ,Түргэн,MN8543,163136,43,220690,1307.2,966.3,80.52,213,30,81,103
5,38,Uvs ,MN85,Ulaangom ,Улаангом,MN8501,183811,59,343401,1805.9,966.7,80.55,332,46,125,160
4,56,Uvs ,MN85,Zavhan ,Завхан,MN8513,275102,61,220147,735.7,919.3,76.61,202,30,80,92
5,25,Uvs ,MN85,Zueuenhangai ,Зүүнхангай,MN8519,209357,147,282543,1193.7,884.5,73.71,250,38,103,109
4,57,Uvs ,MN85,Zuungov' ,Зүүнговь,MN8516,188329,176,221301,987.7,840.5,70.04,186,30,81,75
5,24,Zavhan ,MN81,Aldarhaan ,Алдархаан,MN8104,563460,268,521077,639.5,691.5,57.62,360,70,190,100
1,27,Zavhan ,MN81,Bayanhairhan ,Баянхайрхан,MN8113,226504,230,191745,641.5,757.8,63.15,145,26,70,49
1,38,Zavhan ,MN81,Bayantes ,Баянтэс,MN8110,376033,176,242905,488.9,756.8,63.07,184,33,89,62
5,21,Zavhan ,MN81,Cagaanchuluut ,Цагаанчулуут,MN8158,252142,281,252115,700.7,700.8,58.4,177,34,92,51
5,20,Zavhan ,MN81,Cagaanhairhan ,Цагаанхайрхан,MN8155,253230,323,175408,349.4,504.4,42.03,88,24,64,1
1,37,Zavhan ,MN81,Cecen-Uul ,Цэцэн-Уул,MN8161,230442,220,208032,706.2,782.3,65.19,163,28,76,59
4,31,Zavhan ,MN81,Dorvoljin ,Дөрвөлжин,MN8116,702996,150,237083,177.3,525.9,43.82,125,32,87,6
5,23,Zavhan ,MN81,Erdenehairhan ,Эрдэнэхайрхан,MN8167,408889,251,308706,488.4,646.9,53.91,200,42,113,45
1,28,Zavhan ,MN81,Ider ,Идэр,MN8122,146203,252,486315,3101.6,932.5,77.7,453,66,178,210
1,29,Zavhan ,MN81,Ih-Uul ,Их-Уул,MN8125,172342,327,259327,1212.8,806,67.17,209,35,95,79
1,30,Zavhan ,MN81,Nomrog ,Нөмрөг,MN8128,284788,250,368210,1069.3,827,68.92,305,50,134,120
1,31,Zavhan ,MN81,Otgon ,Отгон,MN8131,570140,403,285977,359.8,717.4,59.78,205,39,104,62
5,19,Zavhan ,MN81,Santmargac ,Сантмаргац,MN8134,230100,221,189343,588.2,714.8,59.57,135,26,69,41
5,22,Zavhan ,MN81,Shiluustei ,Шилүүстэй,MN8164,266624,178,333133,1059.6,848.1,70.67,283,45,122,116
1,32,Zavhan ,MN81,Songino ,Сонгино,MN8137,242694,307,384049,1308.7,827,68.92,318,52,140,126
1,35,Zavhan ,MN81,Telmen ,Тэлмэн,MN8146,307894,251,234843,538.5,706,58.84,166,32,86,48
1,36,Zavhan ,MN81,Tes ,Тэс,MN8149,62962,359,195406,2782.8,896.7,74.72,175,26,71,78
1,33,Zavhan ,MN81,Tosoncengel ,Тосонцэнгэл,MN8140,220837,247,223169,790.4,782.2,65.18,175,30,81,63
1,34,Zavhan ,MN81,Tuedevtei ,Түдэвтэй,MN8143,250748,154,322740,1149.5,893.1,74.42,288,44,118,127
4,32,Zavhan ,MN81,Urgamal ,Ургамал,MN8152,345967,253,237378,417.3,608.2,50.68,144,32,87,26
1,40,Zavhan ,MN81,Yaruu ,Яруу,MN8170,479632,308,308706,368.5,572.5,47.71,177,42,113,22
5,18,Zavhan ,MN81,Zavhanmandal ,Завханмандал,MN8119,291533,202,255740,662.6,755.4,62.95,193,35,93,65
